Workbook

Sheet Respuestas
E1: CORRECCIÓN MECANIZADA DEL MMPI - 2
C2: Nombre: | D2: Ivan
C3: Edad: | N3: RECUERDA: 1- VERDADERO; 2 - FALSO; 3 - EN BLANCO
C4: Fecha:
C5: Evaluador:
C7: ITEM | D7: RESP | E7: ITEM | F7: RESP | G7: ITEM | H7: RESP | I7: ITEM | J7: RESP | K7: ITEM | L7: RESP | M7: ITEM | N7: RESP | O7: ITEM | P7: RESP | Q7: ITEM | R7: RESP | S7: ITEM | T7: RESP | U7: ITEM | V7: RESP
C8: 1 | E8: 61 | G8: 121 | I8: 181 | K8: 241 | M8: 301 | O8: 361 | Q8: 421 | S8: 481 | U8: 541
C9: 2 | E9: 62 | G9: 122 | I9: 182 | K9: 242 | M9: 302 | O9: 362 | Q9: 422 | S9: 482 | U9: 542
C10: 3 | E10: 63 | G10: 123 | I10: 183 | K10: 243 | M10: 303 | O10: 363 | Q10: 423 | S10: 483 | U10: 543
C11: 4 | E11: 64 | G11: 124 | I11: 184 | K11: 244 | M11: 304 | O11: 364 | Q11: 424 | S11: 484 | U11: 544
C12: 5 | E12: 65 | G12: 125 | I12: 185 | K12: 245 | M12: 305 | O12: 365 | Q12: 425 | S12: 485 | U12: 545
C13: 6 | E13: 66 | G13: 126 | I13: 186 | K13: 246 | M13: 306 | O13: 366 | Q13: 426 | S13: 486 | U13: 546
C14: 7 | E14: 67 | G14: 127 | I14: 187 | K14: 247 | M14: 307 | O14: 367 | Q14: 427 | S14: 487 | U14: 547
C15: 8 | E15: 68 | G15: 128 | I15: 188 | K15: 248 | M15: 308 | O15: 368 | Q15: 428 | S15: 488 | U15: 548
C16: 9 | E16: 69 | G16: 129 | I16: 189 | K16: 249 | M16: 309 | O16: 369 | Q16: 429 | S16: 489 | U16: 549
C17: 10 | E17: 70 | G17: 130 | I17: 190 | K17: 250 | M17: 310 | O17: 370 | Q17: 430 | S17: 490 | U17: 550
C18: 11 | E18: 71 | G18: 131 | I18: 191 | K18: 251 | M18: 311 | O18: 371 | Q18: 431 | S18: 491 | U18: 551
C19: 12 | E19: 72 | G19: 132 | I19: 192 | K19: 252 | M19: 312 | O19: 372 | Q19: 432 | S19: 492 | U19: 552
... C34: 27 | E34: 87 | G34: 147 | I34: 207 | K34: 267 | M34: 327 | O34: 387 | Q34: 447 | S34: 507 | U34: 567
C35: 28 | E35: 88 | G35: 148 | I35: 208 | K35: 268 | M35: 328 | O35: 388 | Q35: 448 | S35: 508
C36: 29 | E36: 89 | G36: 149 | I36: 209 | K36: 269 | M36: 329 | O36: 389 | Q36: 449 | S36: 509
C37: 30 | E37: 90 | G37: 150 | I37: 210 | K37: 270 | M37: 330 | O37: 390 | Q37: 450 | S37: 510
C38: 31 | E38: 91 | G38: 151 | I38: 211 | K38: 271 | M38: 331 | O38: 391 | Q38: 451 | S38: 511
C39: 32 | E39: 92 | G39: 152 | I39: 212 | K39: 272 | M39: 332 | O39: 392 | Q39: 452 | S39: 512
C40: 33 | E40: 93 | G40: 153 | I40: 213 | K40: 273 | M40: 333 | O40: 393 | Q40: 453 | S40: 513
C41: 34 | E41: 94 | G41: 154 | I41: 214 | K41: 274 | M41: 334 | O41: 394 | Q41: 454 | S41: 514
C42: 35 | E42: 95 | G42: 155 | I42: 215 | K42: 275 | M42: 335 | O42: 395 | Q42: 455 | S42: 515
C43: 36 | E43: 96 | G43: 156 | I43: 216 | K43: 276 | M43: 336 | O43: 396 | Q43: 456 | S43: 516
C44: 37 | E44: 97 | G44: 157 | I44: 217 | K44: 277 | M44: 337 | O44: 397 | Q44: 457 | S44: 517
C45: 38 | E45: 98 | G45: 158 | I45: 218 | K45: 278 | M45: 338 | O45: 398 | Q45: 458 | S45: 518
C46: 39 | E46: 99 | G46: 159 | I46: 219 | K46: 279 | M46: 339 | O46: 399 | Q46: 459 | S46: 519
... C67: 60 | E67: 120 | G67: 180 | I67: 240 | K67: 300 | M67: 360 | O67: 420 | Q67: 480 | S67: 540
C71: Escalas de validación | U71: S.P. | V71: P.D. | W71: FRAC. K | X71: P.CORR. | Y71: P.DIRECTAS | Z71: P.TIPICAS
C72: ? | D72: =COUNTIF(D8:D67,"=3") | F72: =COUNTIF(F8:F67,"=3") | H72: =COUNTIF(H8:H67,"=3") | L72: =COUNTIF(L8:L67,"=3") | N72: =COUNTIF(N8:N67,"=3") | P72: =COUNTIF(P8:P67,"=3") | R72: =COUNTIF(R8:R67,"=3") | S72: =COUNTIF(T8:T67,"=3") | T72: =COUNTIF(V8:V67,"=3") | V72: =SUM(D72:T72) | Y72: =SUM(V72) | Z72: =IF(D154<>0,D154,IF(E154<>0,E154,IF(F154<>0,F154,IF(G154<>0,G154,IF(H154<>0,H154,0)))))
C73: L | D73: =IF(D23=1,0,IF(D23=2,1,0)) | E73: =IF(D36=1,0,IF(D36=2,1,0)) | F73: =IF(D48=1,0,IF(D48=2,1,0)) | G73: =IF(D58=1,0,IF(D58=2,1,0)) | H73: =IF(F24=1,0,IF(F24=2,1,0)) | I73: =IF(F40=1,0,IF(F40=2,1,0)) | J73: =IF(F49=1,0,IF(F49=2,1,0)) | K73: =IF(F54=1,0,IF(F54=2,1,0)) | L73: =IF(H10=1,0,IF(H10=2,1,0)) | M73: =IF(H26=1,0,IF(H26=2,1,0)) | N73: =IF(H40=1,0,IF(H40=2,1,0)) | O73: =IF(J10=1,0,IF(J10=2,1,0)) | P73: =IF(J30=1,0,IF(J30=2,1,0)) | Q73: =IF(J59=1,0,IF(J59=2,1,0)) | R73: =IF(L27=1,0,IF(L27=2,1,0)) | V73: =SUM(D73:R73) | Y73: =SUM(V73) | Z73: =IF(D155<>0,D155,IF(E155<>0,E155,IF(F155<>0,F155)))
C74: F | D74: =IF(D13=1,0,IF(D13=2,1,0)) | E74: =IF(D19=1,0,IF(D19=2,1,0)) | F74: =IF(D25=1,1,IF(D25=2,0,0)) | G74: =IF(D31=1,1,IF(D31=2,0,0)) | H74: =IF(D37=1,1,IF(D37=2,0,0)) | I74: =IF(D43=1,1,IF(D43=2,0,0)) | J74: =IF(D49=1,1,IF(D49=2,0,0)) | K74: =IF(D55=1,1,IF(D55=2,0,0)) | L74: =IF(D61=1,1,IF(D61=2,0,0)) | M74: =IF(D67=1,1,IF(D67=2,0,0)) | N74: =IF(F13=1,1,IF(F13=2,0,0)) | O74: =IF(F19=1,1,IF(F19=2,0,0)) | P74: =IF(F25=1,0,IF(F25=2,1,0)) | Q74: =IF(F31=1,1,IF(F31=2,0,0)) | R74: =IF(F37=1,0,IF(F37=2,1,0)) | S74: =IF(F43=1,1,IF(F43=2,0,0)) | T74: =IF(F49=1,0,IF(F49=2,1,0)) | U74: =SUM(D74:T74)
D75: =IF(F55=1,0,IF(F55=2,1,0)) | E75: =IF(F61=1,1,IF(F61=2,0,0)) | F75: =IF(F67=1,0,IF(F67=2,1,0)) | G75: =IF(H13=1,0,IF(H13=2,1,0)) | H75: =IF(H19=1,0,IF(H19=2,1,0)) | I75: =IF(H25=1,1,IF(H25=2,0,0)) | J75: =IF(H31=1,1,IF(H31=2,0,0)) | K75: =IF(H37=1,1,IF(H37=2,0,0)) | L75: =IF(H43=1,1,IF(H43=2,0,0)) | M75: =IF(H49=1,1,IF(H49=2,0,0)) | N75: =IF(H55=1,1,IF(H55=2,0,0)) | O75: =IF(H61=1,0,IF(H61=2,1,0)) | P75: =IF(H67=1,1,IF(H67=2,0,0)) | Q75: =IF(J13=1,0,IF(J13=2,1,0)) | R75: =IF(J19=1,0,IF(J19=2,1,0)) | S75: =IF(J25=1,1,IF(J25=2,0,0)) | T75: =IF(J31=1,0,IF(J31=2,1,0)) | U75: =SUM(D75:T75)
D76: =IF(J37=1,0,IF(J37=2,1,0)) | E76: =IF(J43=1,1,IF(J43=2,0,0)) | F76: =IF(J49=1,0,IF(J48=2,1,0)) | G76: =IF(J55=1,1,IF(J55=2,0,0)) | H76: =IF(J61=1,1,IF(J61=2,0,0)) | I76: =IF(J67=1,1,IF(J67=2,0,0)) | J76: =IF(L13=1,1,IF(L43=2,0,0)) | K76: =IF(L19=1,1,IF(L19=2,0,0)) | L76: =IF(L25=1,1,IF(L25=2,0,0)) | M76: =IF(L31=1,1,IF(L31=2,0,0)) | N76: =IF(L37=1,1,IF(L37=2,0,0)) | O76: =IF(L43=1,0,IF(L43=2,1,0)) | P76: =IF(L49=1,1,IF(L49=2,0,0)) | Q76: =IF(L55=1,1,IF(L55=2,0,0)) | R76: =IF(L61=1,1,IF(L61=2,0,0)) | S76: =IF(L67=1,1,IF(L67=2,0,0)) | T76: =IF(N13=1,1,IF(N13=2,0,0)) | U76: =SUM(D76:T76)
D77: =IF(N19=1,1,IF(N19=2,0,0)) | E77: =IF(N25=1,0,IF(N25=2,0,0)) | F77: =IF(N31=1,1,IF(N31=2,0,0)) | G77: =IF(N37=1,0,IF(N37=2,1,0)) | H77: =IF(N43=1,1,IF(N43=2,0,0)) | I77: =IF(N50=1,0,IF(N50=2,1,0)) | J77: =IF(N56=1,1,IF(N56=2,0,0)) | K77: =IF(N62=1,1,IF(N62=2,0,0)) | L77: =IF(P8=1,1,IF(P8=2,0,0)) | U77: =SUM(D77:T77) | V77: =SUM(U74:U77) | Y77: =SUM(V77) | Z77: =IF(D156<>0,D156,IF(E156<>0,E156,IF(F156<>0,F156,IF(G156<>0,G156,IF(H156<>0,H156,IF(I156<>0,I156,IF(J156<>0,J156,0)))))))
C78: K | D78: =IF(D36=1,0,IF(D36=2,1,0)) | E78: =IF(D44=1,0,IF(D44=2,1,0)) | F78: =IF(D65=1,0,IF(D65=2,1,0)) | G78: =IF(F23=1,0,IF(F23=2,1,0)) | H78: =IF(F30=1,1,IF(F30=2,0,0)) | I78: =IF(F57=1,0,IF(F57=2,1,0)) | J78: =IF(F63=1,0,IF(F63=2,1,0)) | K78: =IF(H9=1,0,IF(H9=2,1,0)) | L78: =IF(H14=1,0,IF(H14=2,1,0)) | M78: =IF(H17=1,0,IF(H17=2,1,0)) | N78: =IF(H23=1,0,IF(H23=2,1,0)) | O78: =IF(H35=1,0,IF(H35=2,1,0)) | P78: =IF(H44=1,0,IF(H44=2,1,0)) | Q78: =IF(H45=1,0,IF(H45=2,1,0)) | R78: =IF(H54=1,0,IF(H54=2,1,0)) | S78: =IF(H58=1,0,IF(H58=2,1,0)) | T78: =IF(J23=1,0,IF(J23=2,1,0)) | U78: =SUM(D78:T78)
D79: =IF(J40=1,0,IF(J40=2,1,0)) | E79: =IF(L10=1,0,IF(L10=2,1,0)) | F79: =IF(L34=1,0,IF(L34=2,1,0)) | G79: =IF(L51=1,0,IF(L51=2,1,0)) | H79: =IF(L57=1,0,IF(L57=2,1,0)) | I79: =IF(N37=1,0,IF(N37=2,1,0)) | J79: =IF(N45=1,0,IF(N45=2,1,0)) | K79: =IF(N46=1,0,IF(N46=2,1,0)) | L79: =IF(N48=1,0,IF(N48=2,1,0)) | M79: =IF(N53=1,0,IF(N53=2,1,0)) | N79: =IF(N55=1,0,IF(N55=2,1,0)) | O79: =IF(N63=1,0,IF(N63=2,1,0)) | P79: =IF(P12=1,0,IF(P12=2,1,0)) | U79: =SUM(D79:T79) | V79: =SUM(U78:U79) | Y79: =SUM(V79) | Z79: =IF(D157<>0,D157,IF(E157<>0,E157,IF(F157<>0,F157,IF(G157<>0,G157,0))))
C80: Escalas clínicas básicas
C81: Hs | D81: =IF(D9=1,0,IF(D9=2,1,0)) | E81: =IF(D10=1,0,IF(D10=2,1,0)) | F81: =IF(D15=1,0,IF(D15=2,1,0)) | G81: =IF(D17=1,0,IF(D17=2,1,0)) | H81: =IF(D25=1,1,IF(D25=2,0,0)) | I81: =IF(D27=1,0,IF(D27=2,1,0)) | J81: =IF(D35=1,1,IF(D35=2,0,0)) | K81: =IF(D46=1,1,IF(D46=2,0,0)) | L81: =IF(D52=1,0,IF(D52=2,1,0)) | M81: =IF(D54=1,0,IF(D54=2,1,0)) | N81: =IF(D60=1,1,IF(D60=2,0,0)) | O81: =IF(D64=1,0,IF(D64=2,1,0)) | P81: =IF(D66=1,1,IF(D66=2,0,0)) | Q81: =IF(F38=1,0,IF(F38=2,1,0)) | R81: =IF(F44=1,1,IF(F44=2,0,0)) | S81: =IF(F48=1,1,IF(F48=2,0,0)) | T81: =IF(F58=1,1,IF(F58=2,0,0)) | U81: =SUM(D81:T81)
D82: =IF(F64=1,0,IF(F64=2,1,0)) | E82: =IF(H28=1,0,IF(H28=2,1,0)) | F82: =IF(H30=1,0,IF(H30=2,1,0)) | G82: =IF(H36=1,1,IF(H36=2,0,0)) | H82: =IF(H39=1,0,IF(H39=2,1,0)) | I82: =IF(H51=1,0,IF(H51=2,1,0)) | J82: =IF(H60=1,0,IF(H60=2,1,0)) | K82: =IF(H62=1,1,IF(H62=2,0,0)) | L82: =IF(H63=1,0,IF(H63=2,1,0)) | M82: =IF(H66=1,0,IF(H66=2,1,0)) | N82: =IF(J35=1,0,IF(J35=2,1,0)) | O82: =IF(J51=1,0,IF(J51=2,1,0)) | P82: =IF(L14=1,1,IF(L14=2,0,0)) | Q82: =IF(L16=1,0,IF(L16=2,1,0)) | R82: =IF(L22=1,0,IF(L22=2,1,0)) | U82: =SUM(D82:T82) | V82: =SUM(U81:U82) | W82: =V79*0.5 | X82: =SUM(V82+X160) | Y82: =SUM(X82) | Z82: =IF(D158<>0,D158,IF(E158<>0,E158,IF(F158<>0,F158,IF(G158<>0,G158,IF(H158<>0,H158,0)))))
C83: D | D83: =IF(D9=1,0,IF(D9=2,1,0)) | E83: =IF(D12=1,1,IF(D12=2,0,0)) | F83: =IF(D16=1,0,IF(D16=2,1,0)) | G83: =IF(D17=1,0,IF(D17=2,1,0)) | H83: =IF(D22=1,1,IF(D22=2,0,0)) | I83: =IF(D26=1,1,IF(D26=2,0,0)) | J83: =IF(D27=1,0,IF(D27=2,1,0)) | K83: =IF(D36=1,0,IF(D36=2,1,0)) | L83: =IF(D38=1,1,IF(D38=2,0,0)) | M83: =IF(D40=1,0,IF(D40=2,1,0)) | N83: =IF(D44=1,0,IF(D44=2,1,0)) | O83: =IF(D45=1,1,IF(D45=2,0)) | P83: =IF(D46=1,1,IF(D46=2,0,0)) | Q83: =IF(D50=1,0,IF(D50=2,1,0)) | R83: =IF(D52=1,0,IF(D52=2,1,0)) | S83: =IF(D53=1,1,IF(D53=2,0,0)) | T83: =IF(D56=1,0,IF(D56=2,1,0)) | U83: =SUM(D83:T83)
D84: =IF(D62=1,0,IF(D62=2,1,0)) | E84: =IF(D63=1,1,IF(D63=2,0,0)) | F84: =IF(F15=1,0,IF(F15=2,1,0)) | G84: =IF(F20=1,1,IF(F20=2,0,0)) | H84: =IF(F22=1,0,IF(F22=2,1,0)) | I84: =IF(F23=1,0,IF(F23=2,1,0)) | J84: =IF(F39=1,1,IF(F39=2,0,0)) | K84: =IF(F42=1,0,IF(F42=2,1,0)) | L84: =IF(F56=1,0,IF(F56=2,1,0)) | M84: =IF(F64=1,1,IF(F64=2,0,0)) | N84: =IF(F65=1,0,IF(F65=2,1,0)) | O84: =IF(H14=1,1,IF(H14=2,0,0)) | P84: =IF(H17=1,1,IF(H17=2,0,0)) | Q84: =IF(H21=1,0,IF(H21=2,1,0)) | R84: =IF(H27=1,0,IF(H27=2,1,0)) | S84: =IF(H28=1,0,IF(H28=2,1,0)) | T84: =IF(H29=1,0,IF(H29=2,1,0)) | U84: =SUM(D84:T84)
D85: =IF(H30=1,0,IF(H30=2,1,0)) | E85: =IF(H33=1,1,IF(H33=2,0,0)) | F85: =IF(H34=1,1,IF(H34=2,0,0)) | G85: =IF(H35=1,0,IF(H35=2,1,0)) | H85: =IF(H52=1,0,IF(H52=2,1,0)) | I85: =IF(H57=1,1,IF(H57=2,0,0)) | J85: =IF(H62=1,1,IF(H62=2,0,0)) | K85: =IF(H65=1,0,IF(H65=2,1,0)) | L85: =IF(J8=1,1,IF(J8=2,0,0)) | M85: =IF(J15=1,0,IF(J15=2,1,0)) | N85: =IF(J16=1,0,IF(J16=2,1,0)) | O85: =IF(J39=1,0,IF(J39=2,1,0)) | P85: =IF(J42=1,1,IF(J42=2,0,0)) | Q85: =IF(J48=1,0,IF(J48=2,1,0)) | R85: =IF(J50=1,0,IF(J50=2,1,0)) | S85: =IF(J53=1,0,IF(J53=2,1,0)) | T85: =IF(J60=1,1,IF(J60=2,0,0)) | U85: =SUM(D85:T85)
D86: =IF(J65=1,0,IF(J65=2,1,0)) | E86: =IF(L12=1,0,IF(L12=2,1,0)) | F86: =IF(L27=1,0,IF(L27=2,1,0)) | G86: =IF(L34=1,0,IF(L34=2,1,0)) | H86: =IF(N37=1,0,IF(N37=2,1,0)) | U86: =SUM(D86:H86) | V86: =SUM(U83:U86) | Y86: =SUM(V86) | Z86: =IF(D159<>0,D159,IF(E159<>0,E159,IF(F159<>0,F159,IF(G159<>0,G159,IF(H159<>0,H159,IF(I159<>0,I159,IF(J159<>0,J159,0)))))))
C87: Hy | D87: =IF(D9=1,0,IF(D9=2,1,0)) | E87: =IF(D10=1,0,IF(D10=2,1,0)) | F87: =IF(D14=1,0,IF(D14=2,1,0)) | G87: =IF(D15=1,0,IF(D15=2,1,0)) | H87: =IF(D16=1,0,IF(D16=2,1,0)) | I87: =IF(D17=1,0,IF(D17=2,1,0)) | J87: =IF(D18=1,1,IF(D18=2,0,0)) | K87: =IF(D21=1,0,IF(D21=2,1,0)) | L87: =IF(D25=1,1,IF(D25=2,0,0)) | M87: =IF(D33=1,0,IF(D33=2,1,0)) | N87: =IF(D36=1,0,IF(D36=2,1,0)) | O87: =IF(D38=1,1,IF(D38=2,0,0)) | P87: =IF(D46=1,1,IF(D46=2,0,0)) | Q87: =IF(D47=1,1,IF(D47=2,0,0)) | R87: =IF(D51=1,1,IF(D51=2,0,0)) | S87: =IF(D52=1,0,IF(D52=2,1,0)) | T87: =IF(D54=1,0,IF(D54=2,1,0)) | U87: =SUM(D87:T87)
D88: =IF(D65=1,0,IF(D65=2,1,0)) | E88: =IF(F12=1,1,IF(F12=2,0,0)) | F88: =IF(F23=1,0,IF(F23=2,1,0)) | G88: =IF(F28=1,0,IF(F28=2,1,0)) | H88: =IF(F38=1,0,IF(F38=2,1,0)) | I88: =IF(F42=1,0,IF(F42=2,1,0)) | J88: =IF(F45=1,0,IF(F45=2,1,0)) | K88: =IF(F48=1,1,IF(F48=2,0,0)) | L88: =IF(F57=1,0,IF(F57=2,1,0)) | M88: =IF(F62=1,0,IF(F62=2,1,0)) | N88: =IF(F63=1,0,IF(F63=2,1,0)) | O88: =IF(H11=1,0,IF(H11=2,1,0)) | P88: =IF(H12=1,0,IF(H12=2,1,0)) | Q88: =IF(H16=1,0,IF(H16=2,1,0)) | R88: =IF(H22=1,0,IF(H22=2,1,0)) | S88: =IF(H28=1,0,IF(H28=2,1,0)) | T88: =IF(H35=1,0,IF(H35=2,1,0)) | U88: =SUM(D88:T88)
D89: =IF(H38=1,0,IF(H38=2,1,0)) | E89: =IF(H39=1,0,IF(H39=2,1,0)) | F89: =IF(H44=1,0,IF(H44=2,1,0)) | G89: =IF(H46=1,0,IF(H46=2,1,0)) | H89: =IF(H48=1,0,IF(H48=2,1,0)) | I89: =IF(H51=1,0,IF(H51=2,1,0)) | J89: =IF(H53=1,1,IF(H53=2,0,0)) | K89: =IF(H54=1,0,IF(H54=2,1,0)) | L89: =IF(H59=1,1,IF(H59=2,0,0)) | M89: =IF(H60=1,0,IF(H60=2,1,0)) | N89: =IF(H62=1,1,IF(H62=2,0,0)) | O89: =IF(H63=1,0,IF(H63=2,1,0)) | P89: =IF(H66=1,0,IF(H66=2,1,0)) | Q89: =IF(J12=1,0,IF(J12=2,1,0)) | R89: =IF(J20=1,0,IF(J20=2,1,0)) | S89: =IF(J35=1,0,IF(J35=2,1,0)) | T89: =IF(J40=1,0,IF(J40=2,1,0)) | U89: =SUM(D89:T89)
D90: =IF(J45=1,1,IF(J45=2,0,0)) | E90: =IF(J51=1,0,IF(J51=2,1,0)) | F90: =IF(J57=1,1,IF(J57=2,0,0)) | G90: =IF(L8=1,0,IF(L8=2,1,0)) | H90: =IF(L10=1,0,IF(L10=2,1,0)) | I90: =IF(L16=1,0,IF(L16=2,1,0)) | J90: =IF(L20=1,0,IF(L20=2,1,0)) | K90: =IF(L30=1,0,IF(L30=2,1,0)) | L90: =IF(L32=1,0,IF(L32=2,1,0)) | U90: =SUM(D90:T90) | V90: =SUM(U87:U90) | Y90: =SUM(V90) | Z90: =IF(D160<>0,D160,IF(E160<>0,E160,IF(F160<>0,F160,IF(G160<>0,G160,IF(H160<>0,H160,IF(I160<>0,I160,IF(J160<>0,J160,0)))))))
C91: Pd | D91: =IF(D16=1,0,IF(D16=2,1,0)) | E91: =IF(D19=1,0,IF(D19=2,1,0)) | F91: =IF(D24=1,1,IF(D24=2,0,0)) | G91: =IF(D28=1,1,IF(D28=2,0,0)) | H91: =IF(D29=1,1,IF(D29=2,0,0)) | I91: =IF(D38=1,1,IF(D38=2,0,0)) | J91: =IF(D39=1,1,IF(D39=2,0,0)) | K91: =IF(D41=1,0,IF(D41=2,1,0)) | L91: =IF(D42=1,1,IF(D42=2,0,0)) | M91: =IF(D49=1,1,IF(D49=2,0,0)) | N91: =IF(D59=1,1,IF(D59=2,0,0)) | O91: =IF(D61=1,1,IF(D61=2,0,0)) | P91: =IF(D63=1,1,IF(D63=2,0,0)) | Q91: =IF(F17=1,0,IF(F17=2,1,0)) | R91: =IF(F18=1,1,IF(F18=2,0,0)) | S91: =IF(F26=1,0,IF(F26=2,1,0)) | T91: =IF(F29=1,1,IF(F29=2,0,0)) | U91: =SUM(D91:T91)
D92: =IF(F30=1,0,IF(F30=2,1,0)) | E92: =IF(F36=1,1,IF(F36=2,0,0)) | F92: =IF(F41=1,1,IF(F41=2,0,0)) | G92: =IF(F42=1,0,IF(F42=2,1,0)) | H92: =IF(F46=1,1,IF(F46=2,0,0)) | I92: =IF(F52=1,1,IF(F52=2,0,0)) | J92: =IF(F60=1,1,IF(F60=2,0,0)) | K92: =IF(H9=1,0,IF(H9=2,1,0)) | L92: =IF(H12=1,0,IF(H12=2,1,0)) | M92: =IF(H16=1,0,IF(H16=2,1,0)) | N92: =IF(H30=1,0,IF(H30=2,1,0)) | O92: =IF(H44=1,0,IF(H44=2,1,0)) | P92: =IF(H45=1,0,IF(H45=2,1,0)) | Q92: =IF(H47=1,0,IF(H47=2,1,0)) | R92: =IF(H54=1,0,IF(H54=2,1,0)) | S92: =IF(H58=1,0,IF(H58=2,1,0)) | T92: =IF(J12=1,0,IF(J12=2,1,0)) | U92: =SUM(D92:T92)
D93: =IF(J22=1,1,IF(J22=2,0,0)) | E93: =IF(J29=1,1,IF(J29=2,0,0)) | F93: =IF(J36=1,0,IF(J36=2,1,0)) | G93: =IF(J41=1,0,IF(J41=2,1,0)) | H93: =IF(J44=1,0,IF(J44=2,1,0)) | I93: =IF(J46=1,1,IF(J46=2,0,0)) | J93: =IF(J52=1,1,IF(J52=2,0,0)) | K93: =IF(J53=1,0,IF(J53=2,1,0)) | L93: =IF(L10=1,0,IF(L10=2,1,0)) | M93: =IF(L26=1,1,IF(L26=2,0,0)) | N93: =IF(L28=1,0,IF(L28=2,1,0)) | O93: =IF(L30=1,0,IF(L30=2,1,0)) | P93: =IF(L31=1,1,IF(L31=2,0,0)) | Q93: =IF(L33=1,0,IF(L33=2,1,0)) | R93: =IF(L34=1,0,IF(L34=2,1,0)) | S93: =IF(L55=1,1,IF(L55=2,0,0)) | U93: =SUM(D93:T93) | V93: =SUM(U91:U93) | W93: =SUM(U78:U79)*0.4 | X93: =SUM(V93+X162) | Y93: =SUM(X93) | Z93: =IF(D161<>0,D161,IF(E161<>0,E161,IF(F161<>0,F161,IF(G161<>0,G161,IF(H161<>0,H161,IF(I161<>0,I161,IF(J161<>0,J161,0)))))))
C94: Mfv | D94: =IF(D8=1,0,IF(D8=2,1,0)) | E94: =IF(D11=1,1,IF(D11=2,0,0)) | F94: =IF(D26=1,0,IF(D26=2,1,0)) | G94: =IF(D32=1,1,IF(D32=2,0,0)) | H94: =IF(D33=1,0,IF(D33=2,1,0)) | I94: =IF(D34=1,0,IF(D34=2,1,0)) | J94: =IF(F9=1,1,IF(F9=2,0,0)) | K94: =IF(F10=1,0,IF(F10=2,1,0)) | L94: =IF(F11=1,1,IF(F11=2,0,0)) | M94: =IF(F14=1,1,IF(F14=2,0,0)) | N94: =IF(F15=1,0,IF(F15=2,1,0)) | O94: =IF(F16=1,0,IF(F16=2,1,0)) | P94: =IF(F21=1,1,IF(F21=2,0,0)) | Q94: =IF(F23=1,0,IF(F23=2,1)) | R94: =IF(F27=1,1,IF(F27=2,0,0)) | S94: =IF(F33=1,0,IF(F33=2,1,0)) | T94: =IF(F50=1,0,IF(F50=2,1,0)) | U94: =SUM(D94:T94)
D95: =IF(F51=1,0,IF(F51=2,1,0)) | E95: =IF(F54=1,0,IF(F54=2,1,0)) | F95: =IF(F59=1,1,IF(F59=2,0,0)) | G95: =IF(F66=1,1,IF(F66=2,0,0)) | H95: =IF(F67=1,0,IF(F67=2,1,0)) | I95: =IF(H8=1,0,IF(H8=2,1,0)) | J95: =IF(H9=1,1,IF(H9=2,0,0)) | K95: =IF(H15=1,1,IF(H15=2,0,0)) | L95: =IF(H19=1,0,IF(H19=2,1,0)) | M95: =IF(H20=1,0,IF(H20=2,1,0)) | N95: =IF(H24=1,1,IF(H24=2,0,0)) | O95: =IF(H50=1,0,IF(H50=2,1,0)) | P95: =IF(H53=1,1,IF(H53=2,0,0)) | Q95: =IF(H64=1,1,IF(H64=2,0,0)) | R95: =IF(J11=1,0,IF(J11=2,1,0)) | S95: =IF(J14=1,1,IF(J14=2,0,0)) | T95: =IF(J18=1,1,IF(J18=2,0,0)) | U95: =SUM(D95:T95)
D96: =IF(J20=1,0,IF(J20=2,1,0)) | E96: =IF(J21=1,0,IF(J21=2,1,0)) | F96: =IF(J23=1,1,IF(J23=2,0,0)) | G96: =IF(J24=1,0,IF(J24=2,1,0)) | H96: =IF(J26=1,0,IF(J26=2,1,0)) | I96: =IF(J28=1,0,IF(J28=2,1,0)) | J96: =IF(J32=1,1,IF(J32=2,0,0)) | K96: =IF(J34=1,0,IF(J34=2,1,0)) | L96: =IF(J36=1,1,IF(J36=2,0,0)) | M96: =IF(J46=1,1,IF(J46=2,0,0)) | N96: =IF(J58=1,0,IF(J58=2,1,0)) | O96: =IF(J62=1,0,IF(J62=2,1,0)) | P96: =IF(J63=1,1,IF(J63=2,0,0)) | Q96: =IF(J64=1,0,IF(J64=2,1,0)) | R96: =IF(J66=1,0,IF(J66=2,1,0)) | S96: =IF(L18=1,1,IF(L18=2,0,0)) | T96: =IF(L21=1,0,IF(L21=2,1,0)) | U96: =SUM(D96:T96)
D97: =IF(L23=1,1,IF(L23=2,0,0)) | E97: =IF(L24=1,0,IF(L24=2,1,0)) | F97: =IF(L35=1,1,IF(L35=2,0,0)) | G97: =IF(L38=1,1,IF(L38=2,0,0)) | H97: =IF(L39=1,0,IF(L39=2,1,0)) | U97: =SUM(D97:T97) | V97: =SUM(U94:U97) | Y97: =SUM(V97) | Z97: =IF(D162<>0,D162,IF(E162<>0,E162,IF(F162<>0,F162,IF(G162<>0,G162,IF(H162<>0,H162,IF(I162<>0,I162))))))
C98: Mfm | D98: =IF(D8=1,0,IF(D8=2,1,0)) | E98: =IF(D11=1,1,IF(D11=2,0,0)) | F98: =IF(D26=1,0,IF(D26=2,1,0)) | G98: =IF(D32=1,1,IF(D32=2,0,0)) | H98: =IF(D33=1,0,IF(D33=2,1,0)) | I98: =IF(D34=1,0,IF(D34=2,1,0)) | J98: =IF(F9=1,1,IF(F9=2,0,0)) | K98: =IF(F10=1,0,IF(F10=2,1,0)) | L98: =IF(F11=1,1,IF(F11=2,0,0)) | M98: =IF(F14=1,1,IF(F14=2,0,0)) | N98: =IF(F15=1,0,IF(F15=2,1,0)) | O98: =IF(F16=1,0,IF(F16=2,1,0)) | P98: =IF(F21=1,1,IF(F21=2,0,0)) | Q98: =IF(F23=1,0,IF(F23=2,1)) | R98: =IF(F27=1,1,IF(F27=2,0,0)) | S98: =IF(F33=1,0,IF(F33=2,1,0)) | T98: =IF(F50=1,0,IF(F50=2,1,0)) | U98: =SUM(D98:T98)
D99: =IF(F51=1,0,IF(F51=2,1,0)) | E99: =IF(F54=1,0,IF(F54=2,1,0)) | F99: =IF(F59=1,1,IF(F59=2,0,0)) | G99: =IF(F66=1,1,IF(F66=2,0,0)) | H99: =IF(F67=1,0,IF(F67=2,1,0)) | I99: =IF(H8=1,1,IF(H8=2,0,0)) | J99: =IF(H9=1,1,IF(H9=2,0,0)) | K99: =IF(H15=1,1,IF(H15=2,0,0)) | L99: =IF(H19=1,0,IF(H19=2,1,0)) | M99: =IF(H20=1,0,IF(H20=2,1,0)) | N99: =IF(H24=1,1,IF(H24=2,0,0)) | O99: =IF(H50=1,0,IF(H50=2,1,0)) | P99: =IF(H53=1,0,IF(H53=2,1,0)) | Q99: =IF(H64=1,1,IF(H64=2,0,0)) | R99: =IF(J11=1,0,IF(J11=2,1,0)) | S99: =IF(J14=1,1,IF(J14=2,0,0)) | T99: =IF(J18=1,1,IF(J18=2,0,0)) | U99: =SUM(D99:T99)
D100: =IF(J20=1,0,IF(J20=2,1,0)) | E100: =IF(J21=1,0,IF(J21=2,1,0)) | F100: =IF(J23=1,1,IF(J23=2,0,0)) | G100: =IF(J24=1,0,IF(J24=2,1,0)) | H100: =IF(J26=1,0,IF(J26=2,1,0)) | I100: =IF(J28=1,0,IF(J28=2,1,0)) | J100: =IF(J32=1,1,IF(J32=2,0,0)) | K100: =IF(J34=1,0,IF(J34=2,1,0)) | L100: =IF(J36=1,0,IF(J36=2,1,0)) | M100: =IF(J46=1,1,IF(J46=2,0,0)) | N100: =IF(J58=1,0,IF(J58=2,1,0)) | O100: =IF(J62=1,0,IF(J62=2,1,0)) | P100: =IF(J63=1,1,IF(J63=2,0,0)) | Q100: =IF(J64=1,0,IF(J64=2,1,0)) | R100: =IF(J66=1,0,IF(J66=2,1,0)) | S100: =IF(L18=1,1,IF(L18=2,0,0)) | T100: =IF(L21=1,0,IF(L21=2,1,0)) | U100: =SUM(D100:T100)
D101: =IF(L23=1,1,IF(L23=2,0,0)) | E101: =IF(L24=1,0,IF(L24=2,1,0)) | F101: =IF(L35=1,0,IF(L35=2,1,0)) | G101: =IF(L38=1,1,IF(L38=2,0,0)) | H101: =IF(L39=1,0,IF(L39=2,1,0)) | U101: =SUM(D101:T101) | V101: =SUM(U98:U101) | Y101: =SUM(V101)
C102: Pa | D102: =IF(D23=1,1,IF(D23=2,0,0)) | E102: =IF(D24=1,1,IF(D24=2,0,0)) | F102: =IF(D29=1,1,IF(D29=2,0,0)) | G102: =IF(D30=1,1,IF(D30=2,0,0)) | H102: =IF(D31=1,1,IF(D31=2,0,0)) | I102: =IF(D49=1,1,IF(D49=2,0,0)) | J102: =IF(F28=1,0,IF(F28=2,1,0)) | K102: =IF(F42=1,0,IF(F42=2,1,0)) | L102: =IF(F45=1,0,IF(F45=2,1,0)) | M102: =IF(F46=1,1,IF(F46=2,0,0)) | N102: =IF(F47=1,0,IF(F47=2,1,0)) | O102: =IF(F51=1,0,IF(F51=2,1,0)) | P102: =IF(F57=1,0,IF(F57=2,1,0)) | Q102: =IF(F60=1,1,IF(F60=2,0,0)) | R102: =IF(H25=1,1,IF(H25=2,0,0)) | S102: =IF(H31=1,1,IF(H31=2,0)) | T102: =IF(H32=1,1,IF(H32=2,0,0)) | U102: =SUM(D102:T102)
D103: =IF(H33=1,1,IF(H33=2,0,0)) | E103: =IF(H49=1,1,IF(H49=2,0,0)) | F103: =IF(J61=1,1,IF(J61=2,0)) | G103: =IF(L11=1,0,IF(L11=2,1,0)) | H103: =IF(L22=1,0,IF(L22=2,1,0)) | I103: =IF(L26=1,1,IF(L26=2,0)) | J103: =IF(L33=1,0,IF(L33=2,1,0)) | K103: =IF(L38=1,1,IF(L38=2,0,0)) | L103: =IF(L44=1,1,IF(L44=2,0,0)) | M103: =IF(L50=1,0,IF(L50=2,1,0)) | N103: =IF(L51=1,0,IF(L51=2,1,0)) | O103: =IF(L52=1,1,IF(L52=2,0,0)) | P103: =IF(L53=1,0,IF(L53=2,1,0)) | Q103: =IF(L64=1,0,IF(L64=2,1,0)) | R103: =IF(N12=1,1,IF(N12=2,0,0)) | S103: =IF(N14=1,1,IF(N14=2,0,0)) | T103: =IF(N21=1,0,IF(N21=2,1,0)) | U103: =SUM(D103:T103)
D104: =IF(N22=1,0,IF(N22=2,1,0)) | E104: =IF(N40=1,1,IF(N40=2,0,0)) | F104: =IF(N41=1,1,IF(N41=2,0,0)) | G104: =IF(N43=1,1,IF(N43=2,0,0)) | H104: =IF(N62=1,1,IF(N62=2,0,0)) | I104: =IF(P8=1,1,IF(P8=2,0,0)) | U104: =SUM(D104:T104) | V104: =SUM(U102:U104) | Y104: =SUM(V104) | Z104: =IF(D163<>0,D163,IF(E163<>0,E163,IF(F163<>0,F163,IF(G163<>0,G163,IF(H163<>0,H163)))))
C105: Pt | D105: =IF(D10=1,0,IF(D10=2,1,0)) | E105: =IF(D16=1,0,IF(D16=2,1,0)) | F105: =IF(D18=1,1,IF(D18=2,0,0)) | G105: =IF(D23=1,1,IF(D23=2,0,0)) | H105: =IF(D30=1,1,IF(D30=2,0,0)) | I105: =IF(D38=1,1,IF(D38=2,0,0)) | J105: =IF(D40=1,0,IF(D40=2,1,0)) | K105: =IF(D45=1,1,IF(D45=2,0,0)) | L105: =IF(D63=1,1,IF(D63=2,0,0)) | M105: =IF(F12=1,1,IF(F12=2,0,0)) | N105: =IF(F20=1,1,IF(F20=2,0,0)) | O105: =IF(F29=1,1,IF(F29=2,0,0)) | P105: =IF(F36=1,1,IF(F36=2,0,0)) | Q105: =IF(F41=1,1,IF(F41=2,0,0)) | R105: =IF(F56=1,0,IF(F56=2,1,0)) | S105: =IF(H17=1,1,IF(H17=2,0,0)) | T105: =IF(H27=1,0,IF(H27=2,1,0)) | U105: =SUM(D105:T105)
D106: =IF(H34=1,1,IF(H34=2,0,0)) | E106: =IF(H52=1,0,IF(H52=2,1,0)) | F106: =IF(H57=1,1,IF(H57=2,0,0)) | G106: =IF(H61=1,0,IF(H61=2,1,0)) | H106: =IF(H62=1,1,IF(H62=2,0,0)) | I106: =IF(J23=1,1,IF(J23=2,0,0)) | J106: =IF(J45=1,1,IF(J45=2,0,0)) | K106: =IF(L9=1,1,IF(L9=2,0,0)) | L106: =IF(L40=1,1,IF(L40=2,0,0)) | M106: =IF(L42=1,1,IF(L42=2,0,0)) | N106: =IF(L44=1,1,IF(L44=2,0,0)) | O106: =IF(L52=1,1,IF(L52=2,0,0)) | P106: =IF(L56=1,1,IF(L56=2,0,0)) | Q106: =IF(L60=1,0,IF(L60=2,1,0)) | R106: =IF(N8=1,1,IF(N8=2,0,0)) | S106: =IF(N9=1,1,IF(N9=2,0,0)) | T106: =IF(N11=1,1,IF(N11=2,0,0)) | U106: =SUM(D106:T106)
D107: =IF(N15=1,1,IF(N15=2,0,0)) | E107: =IF(N16=1,1,IF(N16=2,0,0)) | F107: =IF(N17=1,1,IF(N17=2,0,0)) | G107: =IF(N20=1,1,IF(N20=2,0,0)) | H107: =IF(N23=1,1,IF(N23=2,0,0)) | I107: =IF(N24=1,1,IF(N24=2,0,0)) | J107: =IF(N27=1,1,IF(N27=2,0,0)) | K107: =IF(N28=1,0,IF(N28=2,1,0)) | L107: =IF(N32=1,1,IF(N32=2,0,0)) | M107: =IF(N33=1,1,IF(N33=2,0,0)) | N107: =IF(N34=1,1,IF(N34=2,0,0)) | O107: =IF(N35=1,1,IF(N35=2,0,0)) | P107: =IF(N36=1,1,IF(N36=2,0,0)) | Q107: =IF(N38=1,1,IF(N38=2,0,0)) | U107: =SUM(D107:T107) | V107: =SUM(U105:U107) | W107: =SUM(U78:U79) | X107: =SUM(V107:W107) | Y107: =SUM(X107) | Z107: =IF(D164<>0,D164,IF(E164<>0,E164,IF(F164<>0,F164,IF(G164<>0,G164,IF(H164<>0,H164,IF(I164<>0,I164,IF(J164<>0,J164,IF(K164<>0,K164,0))))))))
C108: Sc | D108: =IF(D13=1,0,IF(D13=2,1,0)) | E108: =IF(D16=1,0,IF(D16=2,1,0)) | F108: =IF(D19=1,0,IF(D19=2,1,0)) | G108: =IF(D23=1,1,IF(D23=2,0,0)) | H108: =IF(D24=1,1,IF(D24=2,0,0)) | I108: =IF(D28=1,1,IF(D28=2,0,0)) | J108: =IF(D29=1,1,IF(D29=2,0,0)) | K108: =IF(D30=1,1,IF(D30=2,0,0)) | L108: =IF(D38=1,1,IF(D38=2,0,0)) | M108: =IF(D39=1,1,IF(D39=2,0,0)) | N108: =IF(D41=1,0,IF(D41=2,1,0)) | O108: =IF(D42=1,1,IF(D42=2,0,0)) | P108: =IF(D45=1,1,IF(D45=2,0,0)) | Q108: =IF(D49=1,1,IF(D49=2,0,0)) | R108: =IF(D51=1,1,IF(D51=2,0,0)) | S108: =IF(D53=1,1,IF(D53=2,0,0)) | T108: =IF(D55=1,1,IF(D55=2,0,0)) | U108: =SUM(D108:T108)
D109: =IF(F12=1,1,IF(F12=2,0,0)) | E109: =IF(F32=1,1,IF(F32=2,0,0)) | F109: =IF(F37=1,0,IF(F37=2,1,0)) | G109: =IF(F38=1,0,IF(F38=2,1,0)) | H109: =IF(F39=1,1,IF(F39=2,0,0)) | I109: =IF(F53=1,0,IF(F53=2,1,0)) | J109: =IF(H25=1,1,IF(H25=2,0,0)) | K109: =IF(H32=1,1,IF(H32=2,0,0)) | L109: =IF(H34=1,1,IF(H34=2,0,0)) | M109: =IF(H52=1,0,IF(H52=2,1,0)) | N109: =IF(H53=1,1,IF(H53=2,0,0)) | O109: =IF(H55=1,1,IF(H55=2,0,0)) | P109: =IF(H57=1,1,IF(H57=2,0,0)) | Q109: =IF(H64=1,0,IF(H64=2,1,0)) | R109: =IF(H66=1,0,IF(H66=2,1,0)) | S109: =IF(H67=1,1,IF(H67=2,0,0)) | T109: =IF(J9=1,1,IF(J9=2,0,0)) | U109: =SUM(D109:T109)
D110: =IF(J17=1,1,IF(J17=2,0,0)) | E110: =IF(J19=1,0,IF(J19=2,1,0)) | F110: =IF(J37=1,0,IF(J37=2,1,0)) | G110: =IF(J45=1,1,IF(J45=2,0,0)) | H110: =IF(J48=1,1,IF(J48=2,0,0)) | I110: =IF(J56=1,1,IF(J56=2,0,0)) | J110: =IF(J60=1,1,IF(J60=2,0,0)) | K110: =IF(J61=1,1,IF(J61=2,0,0)) | L110: =IF(L9=1,1,IF(L9=2,0,0)) | M110: =IF(L14=1,1,IF(L14=2,0,0)) | N110: =IF(L19=1,1,IF(L19=2,0,0)) | O110: =IF(L22=1,0,IF(L22=2,1,0)) | P110: =IF(L23=1,1,IF(L23=2,0,0)) | Q110: =IF(L35=1,1,IF(L35=2,0,0)) | R110: =IF(L40=1,1,IF(L40=2,0,0)) | S110: =IF(L41=1,1,IF(L41=2,0,0)) | T110: =IF(L43=1,0,IF(L43=2,1,0)) | U110: =SUM(D110:T110)
D111: =IF(L44=1,1,IF(L44=2,0,0)) | E111: =IF(L45=1,0,IF(L45=2,1,0)) | F111: =IF(L46=1,1,IF(L46=2,0,0)) | G111: =IF(L47=1,0,IF(L47=2,1,0)) | H111: =IF(L48=1,1,IF(L48=2,0,0)) | I111: =IF(L54=1,1,IF(L54=2,0,0)) | J111: =IF(L57=1,0,IF(L57=2,1,0)) | K111: =IF(L58=1,1,IF(L58=2,0,0)) | L111: =IF(L59=1,1,IF(L59=2,0,0)) | M111: =IF(L62=1,0,IF(L62=2,1,0)) | N111: =IF(L63=1,1,IF(L63=2,0,0)) | O111: =IF(L65=1,1,IF(L65=2,0,0)) | P111: =IF(L66=1,1,IF(L66=2,0,0)) | Q111: =IF(N10=1,1,IF(N10=2,0,0)) | R111: =IF(N14=1,1,IF(N14=2,0,0)) | S111: =IF(N18=1,1,IF(N18=2,0,0)) | T111: =IF(N23=1,1,IF(N23=2,0,0)) | U111: =SUM(D111:T111)
D112: =IF(N26=1,1,IF(N26=2,0,0)) | E112: =IF(N27=1,1,IF(N27=2,0,0)) | F112: =IF(N29=1,1,IF(N29=2,0,0)) | G112: =IF(N30=1,1,IF(N30=2,0,0)) | H112: =IF(N32=1,1,IF(N32=2,0,0)) | I112: =IF(N36=1,1,IF(N36=2,0,0)) | J112: =IF(N39=1,1,IF(N39=2,0,0)) | K112: =IF(N40=1,1,IF(N40=2,0,0)) | L112: =IF(N50=1,0,IF(N50=2,1,0)) | M112: =IF(N62=1,1,IF(N62=2,0,0)) | U112: =SUM(D112:T112) | V112: =SUM(U108:U112) | W112: =SUM(U78:U79) | X112: =SUM(V112:W112) | Y112: =SUM(X112) | Z112: =IF(O165=999,"Escala por debajo de la P.T. mínima",O165)
C113: Ma | D113: =IF(D20=1,1,IF(D20=2,0,0)) | E113: =IF(D22=1,1,IF(D22=2,0,0)) | F113: =IF(D28=1,1,IF(D28=2,0,0)) | G113: =IF(D30=1,1,IF(D30=2,0,0)) | H113: =IF(D57=1,1,IF(D57=2,0,0)) | I113: =IF(D62=1,1,IF(D62=2,0,0)) | J113: =IF(F8=1,1,IF(F8=2,0,0)) | K113: =IF(F32=1,1,IF(F32=2,0,0)) | L113: =IF(F34=1,1,IF(F34=2,0,0)) | M113: =IF(F35=1,0,IF(F35=2,1,0)) | N113: =IF(F40=1,0,IF(F40=2,1,0)) | O113: =IF(F45=1,1,IF(F45=2,0,0)) | P113: =IF(F47=1,0,IF(F47=2,1,0)) | Q113: =IF(F53=1,0,IF(F53=2,1,0)) | R113: =IF(F54=1,0,IF(F54=2,1,0)) | S113: =IF(F60=1,1,IF(F60=2,0,0)) | T113: =IF(H9=1,1,IF(H9=2,0,0)) | U113: =SUM(D113:T113)
D114: =IF(H17=1,1,IF(H17=2,0,0)) | E114: =IF(H23=1,0,IF(H23=2,1,0)) | F114: =IF(H32=1,1,IF(H32=2,0,0)) | G114: =IF(H41=1,0,IF(H41=2,1,0)) | H114: =IF(H42=1,1,IF(H42=2,0,0)) | I114: =IF(H45=1,0,IF(H45=2,1,0)) | J114: =IF(H54=1,0,IF(H54=2,1,0)) | K114: =IF(H55=1,1,IF(H55=2,0,0)) | L114: =IF(H56=1,1,IF(H56=2,0,0)) | M114: =IF(J9=1,1,IF(J9=2,0,0)) | N114: =IF(J17=1,1,IF(J17=2,0,0)) | O114: =IF(J27=1,1,IF(J27=2,0,0)) | P114: =IF(J32=1,1,IF(J32=2,0,0)) | Q114: =IF(J33=1,1,IF(J33=2,0,0)) | R114: =IF(J38=1,1,IF(J38=2,0,0)) | S114: =IF(J39=1,1,IF(J39=2,0,0)) | T114: =IF(J45=1,1,IF(J45=2,0,0)) | U114: =SUM(D114:T114)
D115: =IF(J47=1,1,IF(J47=2,0,0)) | E115: =IF(J54=1,1,IF(J54=2,0,0)) | F115: =IF(J56=1,1,IF(J56=2,0,0)) | G115: =IF(J65=1,1,IF(J65=2,0,0)) | H115: =IF(L9=1,1,IF(L9=2,0,0)) | I115: =IF(L10=1,0,IF(L10=2,1,0)) | J115: =IF(L11=1,1,IF(L11=2,0,0)) | K115: =IF(L15=1,1,IF(L15=2,0,0)) | L115: =IF(L17=1,1,IF(L17=2,0,0)) | M115: =IF(L20=1,1,IF(L20=2,0,0)) | N115: =IF(L30=1,0,IF(L30=2,1,0)) | O115: =IF(L36=1,1,IF(L36=2,0,0)) | U115: =SUM(D115:T115) | V115: =SUM(U113:U115) | W115: =SUM(U78:U79)*0.2 | X115: =SUM(V115+X164) | Y115: =SUM(X115) | Z115: =IF(D166<>0,D166,IF(E166<>0,E166,IF(F166<>0,F166,IF(G166<>0,G166,IF(H166<>0,H166,IF(I166<>0,I166,0))))))
C116: Si | D116: =IF(D32=1,0,IF(D32=2,1,0)) | E116: =IF(D38=1,1,IF(D38=2,0,0)) | F116: =IF(D39=1,0,IF(D39=2,1,0)) | G116: =IF(D56=1,0,IF(D56=2,1,0)) | H116: =IF(D63=1,1,IF(D63=2,0,0)) | I116: =IF(F17=1,1,IF(F17=2,0,0)) | J116: =IF(F26=1,0,IF(F26=2,1,0)) | K116: =IF(F33=1,0,IF(F33=2,1,0)) | L116: =IF(F47=1,1,IF(F47=2,0,0)) | M116: =IF(F51=1,1,IF(F51=2,0,0)) | N116: =IF(F53=1,0,IF(F53=2,1,0)) | O116: =IF(F57=1,1,IF(F57=2,0,0)) | P116: =IF(F59=1,0,IF(F59=2,1,0)) | Q116: =IF(H14=1,1,IF(H14=2,0,0)) | R116: =IF(H18=1,0,IF(H18=2,1,0)) | S116: =IF(H22=1,1,IF(H22=2,0,0)) | T116: =IF(H45=1,1,IF(H45=2,0,0)) | U116: =SUM(D116:T116)
D117: =IF(H48=1,1,IF(H48=2,0,0)) | E117: =IF(H54=1,1,IF(H54=2,0,0)) | F117: =IF(J8=1,0,IF(J8=2,1,0)) | G117: =IF(J12=1,1,IF(J12=2,0,0)) | H117: =IF(J16=1,0,IF(J16=2,1,0)) | I117: =IF(J34=1,0,IF(J34=2,1,0)) | J117: =IF(J36=1,0,IF(J36=2,1,0)) | K117: =IF(J42=1,1,IF(J42=2,0,0)) | L117: =IF(J58=1,0,IF(J58=2,1,0)) | M117: =IF(J64=1,0,IF(J64=2,1,0)) | N117: =IF(L10=1,1,IF(L10=2,0,0)) | O117: =IF(L18=1,1,IF(L18=2,0,0)) | P117: =IF(L22=1,0,IF(L22=2,1,0)) | Q117: =IF(L29=1,0,IF(L29=2,1,0)) | R117: =IF(L32=1,1,IF(L32=2,0,0)) | S117: =IF(L34=1,0,IF(L34=2,1,0)) | T117: =IF(L42=1,1,IF(L42=2,0,0)) | U117: =SUM(D117:T117)
D118: =IF(L47=1,0,IF(L47=2,1,0)) | E118: =IF(L51=1,1,IF(L51=2,0,0)) | F118: =IF(L56=1,1,IF(L56=2,0,0)) | G118: =IF(L63=1,1,IF(L63=2,0,0)) | H118: =IF(N9=1,1,IF(N9=2,0,0)) | I118: =IF(N15=1,1,IF(N15=2,0,0)) | J118: =IF(N28=1,0,IF(N28=2,1,0)) | K118: =IF(N33=1,1,IF(N33=2,0,0)) | L118: =IF(N35=1,0,IF(N35=2,1,0)) | M118: =IF(N42=1,0,IF(N42=2,1,0)) | N118: =IF(N44=1,1,IF(N44=2,0,0)) | O118: =IF(N45=1,1,IF(N45=2,0,0)) | P118: =IF(N47=1,0,IF(N47=2,1,0)) | Q118: =IF(N49=1,0,IF(N49=2,1,0)) | R118: =IF(N51=1,0,IF(N51=2,1,0)) | S118: =IF(N52=1,0,IF(N52=2,1,0)) | T118: =IF(N54=1,1,IF(N54=2,0,0)) | U118: =SUM(D118:T118)
D119: =IF(N55=1,1,IF(N55=2,0,0)) | E119: =IF(N57=1,0,IF(N57=2,1,0)) | F119: =IF(N58=1,1,IF(N58=2,0,0)) | G119: =IF(N59=1,1,IF(N59=2,0,0)) | H119: =IF(N60=1,0,IF(N60=2,1,0)) | I119: =IF(N61=1,0,IF(N61=2,1,0)) | J119: =IF(N64=1,1,IF(N64=2,0,0)) | K119: =IF(N65=1,0,IF(N65=2,1,0)) | L119: =IF(N66=1,0,IF(N66=2,1,0)) | M119: =IF(N67=1,0,IF(N67=2,1,0)) | N119: =IF(P9=1,0,IF(P9=2,1,0)) | O119: =IF(P10=1,0,IF(P10=2,1,0)) | P119: =IF(P11=1,1,IF(P11=2,0,0)) | Q119: =IF(P13=1,0,IF(P13=2,1,0)) | R119: =IF(P14=1,1,IF(P14=2,0,0)) | S119: =IF(P15=1,1,IF(P15=2,0,0)) | T119: =IF(P16=1,1,IF(P16=2,0,0)) | U119: =SUM(D119:T119)
D120: =IF(P17=1,0,IF(P17=2,1,0)) | U120: =SUM(D120:T120) | V120: =SUM(U116:U120) | Y120: =SUM(V120) | Z120: =IF(O167=999,"Escala por debajo de la P.T. mínima",O167)
C121: Escalas de contenido
C122: Anx | D122: =IF(D22=1,1,IF(D22=2,0,0)) | E122: =IF(D37=1,1,IF(D37=2,0,0)) | F122: =IF(D38=1,1,IF(D38=2,0,0)) | G122: =IF(D46=1,1,IF(D46=2,0,0)) | H122: =IF(H27=1,0,IF(H27=2,1,0)) | I122: =IF(H57=1,1,IF(H57=2,0,0)) | J122: =IF(J23=1,1,IF(J23=2,0,0)) | K122: =IF(J35=1,0,IF(J35=2,1,0)) | L122: =IF(J50=1,0,IF(J50=2,1,0)) | M122: =IF(L40=1,1,IF(L40=2,0,0)) | N122: =IF(L57=1,1,IF(L57=2,0,0)) | O122: =IF(L65=1,1,IF(L65=2,0,0)) | P122: =IF(N8=1,1,IF(N8=2,0,0)) | Q122: =IF(N12=1,1,IF(N12=2,0,0)) | R122: =IF(N46=1,1,IF(N46=2,0,0)) | S122: =IF(P52=1,0,IF(P52=2,1,0)) | T122: =IF(P55=1,1,IF(P55=2,0,0)) | U122: =SUM(D122:T122)
D123: =IF(P62=1,1,IF(P62=2,0,0)) | E123: =IF(R50=1,1,IF(R50=2,0,0)) | F123: =IF(R56=1,1,IF(R56=2,0,0)) | G123: =IF(T23=1,0,IF(T23=2,1,0)) | H123: =IF(T36=1,1,IF(T36=2,0,0)) | I123: =IF(V23=1,1,IF(V23=2,0,0)) | U123: =SUM(D123:T123) | V123: =SUM(U122:U123) | Y123: =SUM(V123) | Z123: =IF(D170<>0,D170,IF(E170<>0,E170,IF(F170<>0,F170,IF(G170<>0,G170,IF(H170<>0,H170,IF(I170<>0,I170,0))))))
C124: Frs | D124: =IF(F62=1,0,IF(F62=2,1,0)) | E124: =IF(H41=1,1,IF(H41=2,0,0)) | F124: =IF(H50=1,0,IF(H50=2,1,0)) | G124: =IF(J13=1,0,IF(J13=2,1,0)) | H124: =IF(N24=1,1,IF(N24=2,0,0)) | I124: =IF(N29=1,1,IF(N29=2,0,0)) | J124: =IF(N36=1,1,IF(N36=2,0,0)) | K124: =IF(N41=1,1,IF(N41=2,0,0)) | L124: =IF(P32=1,0,IF(P32=2,1,0)) | M124: =IF(P39=1,1,IF(P39=2,0,0)) | N124: =IF(P42=1,1,IF(P42=2,0,0)) | O124: =IF(P44=1,1,IF(P44=2,0,0)) | P124: =IF(P48=1,0,IF(P48=2,1,0)) | Q124: =IF(R22=1,1,IF(R22=2,0,0)) | R124: =IF(R25=1,1,IF(R25=2,0,0)) | S124: =IF(R28=1,1,IF(R28=2,0,0)) | T124: =IF(R34=1,1,IF(R34=2,0,0)) | U124: =SUM(D124:T124)
D125: =IF(R40=1,0,IF(R40=2,1,0)) | E125: =IF(R45=1,1,IF(R45=2,0,0)) | F125: =IF(R49=1,0,IF(R49=2,1,0)) | G125: =IF(R55=1,1,IF(R55=2,0,0)) | H125: =IF(R58=1,1,IF(R58=2,0,0)) | I125: =IF(V22=1,1,IF(V22=2,0,0)) | U125: =SUM(D125:T125) | V125: =SUM(U124:U125) | Y125: =SUM(V125) | Z125: =IF(D171<>0,D171,IF(E171<>0,E171,IF(F171<>0,F171,IF(G171<>0,G171,IF(H171<>0,H171,IF(I171<>0,I171,0))))))
C126: Obs | D126: =IF(D62=1,1,IF(D62=2,0,0)) | E126: =IF(F34=1,1,IF(F34=2,0,0)) | F126: =IF(H22=1,1,IF(H22=2,0,0)) | G126: =IF(J23=1,1,IF(J23=2,0,0)) | H126: =IF(N16=1,1,IF(N16=2,0,0)) | I126: =IF(N20=1,1,IF(N20=2,0,0)) | J126: =IF(N34=1,1,IF(N34=2,0,0)) | K126: =IF(N35=1,1,IF(N35=2,0,0)) | L126: =IF(P41=1,1,IF(P41=2,0,0)) | M126: =IF(R29=1,1,IF(R29=2,0,0)) | N126: =IF(T9=1,1,IF(T9=2,0,0)) | O126: =IF(T18=1,1,IF(T18=2,0,0)) | P126: =IF(T24=1,1,IF(T24=2,0,0)) | Q126: =IF(T36=1,1,IF(T36=2,0,0)) | R126: =IF(V14=1,1,IF(V14=2,0,0)) | S126: =IF(V20=1,1,IF(V20=2,0,0)) | U126: =SUM(D126:T126) | V126: =SUM(U126) | Y126: =SUM(V126) | Z126: =IF(D172<>0,D172,IF(E172<>0,E172,IF(F172<>0,F172,IF(G172<>0,G172,IF(H172<>0,H172,IF(I172<>0,I172,0))))))
C127: Dep | D127: =IF(D10=1,0,IF(D10=2,1,0)) | E127: =IF(D16=1,0,IF(D16=2,1,0)) | F127: =IF(D45=1,1,IF(D45=2,0,0)) | G127: =IF(D59=1,1,IF(D59=2,0,0)) | H127: =IF(F12=1,1,IF(F12=2,0,0)) | I127: =IF(F18=1,1,IF(F18=2,0,0)) | J127: =IF(F22=1,0,IF(F22=2,1,0)) | K127: =IF(F29=1,1,IF(F29=2,0,0)) | L127: =IF(F39=1,1,IF(F39=2,0,0)) | M127: =IF(F42=1,0,IF(F42=2,1,0)) | N127: =IF(H17=1,1,IF(H17=2,0,0)) | O127: =IF(H33=1,1,IF(H33=2,0,0)) | P127: =IF(J42=1,1,IF(J42=2,0,0)) | Q127: =IF(J61=1,1,IF(J61=2,0,0)) | R127: =IF(L13=1,1,IF(L13=2,0,0)) | S127: =IF(L44=1,1,IF(L44=2,0,0)) | T127: =IF(N10=1,1,IF(N10=2,0,0)) | U127: =SUM(D127:T127)
D128: =IF(N13=1,1,IF(N13=2,0,0)) | E128: =IF(N38=1,1,IF(N38=2,0,0)) | F128: =IF(P24=1,1,IF(P24=2,0,0)) | G128: =IF(P35=1,0,IF(P35=2,1,0)) | H128: =IF(P46=1,1,IF(P46=2,0,0)) | I128: =IF(P47=1,1,IF(P47=2,0,0)) | J128: =IF(P58=1,1,IF(P58=2,0,0)) | K128: =IF(R41=1,1,IF(R41=2,0,0)) | L128: =IF(T33=1,1,IF(T33=2,0,0)) | M128: =IF(T39=1,1,IF(T39=2,0,0)) | N128: =IF(T43=1,1,IF(T43=2,0,0)) | O128: =IF(T47=1,1,IF(T47=2,0,0)) | P128: =IF(T66=1,1,IF(T66=2,0,0)) | Q128: =IF(V13=1,1,IF(V13=2,0,0)) | R128: =IF(V21=1,1,IF(V21=2,0,0)) | S128: =IF(D63=1,1,IF(D63=2,0,0)) | U128: =SUM(D128:T128) | V128: =SUM(U127:U128) | Y128: =SUM(V128) | Z128: =IF(D173<>0,D173,IF(E173<>0,E173,IF(F173<>0,F173,IF(G173<>0,G173,IF(H173<>0,H173,IF(I173<>0,I173,0))))))
C129: Hea | D129: =IF(D18=1,1,IF(D18=2,0,0)) | E129: =IF(D25=1,1,IF(D25=2,0,0)) | F129: =IF(D27=1,0,IF(D27=2,1,0)) | G129: =IF(D35=1,1,IF(D35=2,0,0)) | H129: =IF(D40=1,0,IF(D40=2,1,0)) | I129: =IF(D43=1,1,IF(D43=2,0,0)) | J129: =IF(D47=1,1,IF(D47=2,0,0)) | K129: =IF(D51=1,1,IF(D51=2,0,0)) | L129: =IF(D52=1,0,IF(D52=2,1,0)) | M129: =IF(D54=1,0,IF(D54=2,1,0)) | N129: =IF(D60=1,1,IF(D60=2,0,0)) | O129: =IF(D64=1,0,IF(D64=2,1,0)) | P129: =IF(D66=1,1,IF(D66=2,0,0)) | Q129: =IF(F38=1,0,IF(F38=2,1,0)) | R129: =IF(F44=1,1,IF(F44=2,0,0)) | S129: =IF(F48=1,1,IF(F48=2,0,0)) | T129: =IF(F58=1,1,IF(F58=2,0,0)) | U129: =SUM(D129:T129)
D130: =IF(F64=1,0,IF(F64=2,1,0)) | E130: =IF(F65=1,0,IF(F65=2,1,0)) | F130: =IF(H28=1,0,IF(H28=2,1,0)) | G130: =IF(H29=1,0,IF(H29=2,1,0)) | H130: =IF(H36=1,1,IF(H36=2,0,0)) | I130: =IF(H46=1,0,IF(H46=2,1,0)) | J130: =IF(H51=1,0,IF(H51=2,1,0)) | K130: =IF(H62=1,1,IF(H62=2,0,0)) | L130: =IF(H63=1,0,IF(H63=2,1,0)) | M130: =IF(H66=1,0,IF(H66=2,1,0)) | N130: =IF(J8=1,0,IF(J8=2,1,0)) | O130: =IF(J21=1,0,IF(J21=2,1,0)) | P130: =IF(J31=1,0,IF(J31=2,1)) | Q130: =IF(J51=1,0,IF(J51=2,1,0)) | R130: =IF(L14=1,1,IF(L14=2,0,0)) | S130: =IF(L16=1,0,IF(L16=2,1,0)) | T130: =IF(L22=1,0,IF(L22=2,1,0)) | U130: =SUM(D130:T130)
D131: =IF(L62=1,0,IF(L62=2,1,0)) | E131: =IF(P51=1,0,IF(P51=2,1,0)) | U131: =SUM(D131:T131) | V131: =SUM(U129:U131) | Y131: =SUM(V131) | Z131: =IF(D174<>0,D174,IF(E174<>0,E174,IF(F174<>0,F174,IF(G174<>0,G174,IF(H174<>0,H174,IF(I174<>0,I174,0))))))
C132: Biz | D132: =IF(D31=1,1,IF(D31=2,0,0)) | E132: =IF(D39=1,1,IF(D39=2,0,0)) | F132: =IF(D67=1,1,IF(D67=2,0,0)) | G132: =IF(F43=1,1,IF(F43=2,0,0)) | H132: =IF(H25=1,1,IF(H25=2,0,0)) | I132: =IF(H49=1,1,IF(H49=2,0,0)) | J132: =IF(J25=1,1,IF(J25=2,0,0)) | K132: =IF(J55=1,1,IF(J55=2,0,0)) | L132: =IF(L26=1,1,IF(L26=2,0,0)) | M132: =IF(L65=1,1,IF(L65=2,0,0)) | N132: =IF(N18=1,1,IF(N18=2,0,0)) | O132: =IF(N23=1,1,IF(N23=2,0,0)) | P132: =IF(N26=1,1,IF(N26=2,0,0)) | Q132: =IF(N40=1,1,IF(N40=2,0,0)) | R132: =IF(N43=1,1,IF(N43=2,0,0)) | S132: =IF(N62=1,1,IF(N62=2,0,0)) | T132: =IF(P8=1,1,IF(P8=2,0,0)) | U132: =SUM(D132:T132)
D133: =IF(R14=1,0,IF(R14=2,1,0)) | E133: =IF(R53=1,1,IF(R53=2,0,0)) | F133: =IF(T17=1,1,IF(T17=2,0,0)) | G133: =IF(T35=1,1,IF(T35=2,0)) | H133: =IF(V10=1,1,IF(V10=2,0,0)) | I133: =IF(V18=1,1,IF(V18=2,0,0)) | U133: =SUM(D133:T133) | V133: =SUM(U132:U133) | Y133: =SUM(V133) | Z133: =IF(D175<>0,D175,IF(E175<>0,E175,IF(F175<>0,F175,IF(G175<>0,G175,IF(H175<>0,H175,IF(I175<>0,I175,0))))))
C134: Ang | D134: =IF(D36=1,1,IF(D36=2,0,0)) | E134: =IF(D44=1,1,IF(D44=2,0,0)) | F134: =IF(F63=1,1,IF(F63=2,0,0)) | G134: =IF(H21=1,1,IF(H21=2,0,0)) | H134: =IF(N9=1,1,IF(N9=2,0,0)) | I134: =IF(P36=1,1,IF(P36=2,0,0)) | J134: =IF(P57=1,1,IF(P57=2,0,0)) | K134: =IF(P61=1,1,IF(P61=2,0,0)) | L134: =IF(R17=1,1,IF(R17=2,0,0)) | M134: =IF(R48=1,1,IF(R48=2,0,0)) | N134: =IF(T13=1,1,IF(T13=2,0,0)) | O134: =IF(T40=1,1,IF(T40=2,0,0)) | P134: =IF(T67=1,1,IF(T67=2,0,0)) | Q134: =IF(V9=1,1,IF(V9=2,0)) | R134: =IF(V15=1,1,IF(V15=2,0,0)) | S134: =IF(V31=1,0,IF(V31=2,1,0)) | U134: =SUM(D134:T134) | V134: =SUM(U134) | Y134: =SUM(V134) | Z134: =IF(D176<>0,D176,IF(E176<>0,E176,IF(F176<>0,F176,IF(G176<>0,G176,IF(H176<>0,H176,IF(I176<>0,I176,0))))))
C135: Cyn | D135: =IF(D57=1,1,IF(D57=2,0,0)) | E135: =IF(D65=1,1,IF(D65=2,0,0)) | F135: =IF(F23=1,1,IF(F23=2,0,0)) | G135: =IF(F28=1,1,IF(F28=2,0,0)) | H135: =IF(F51=1,1,IF(F51=2,0,0)) | I135: =IF(F57=1,1,IF(F57=2,0,0)) | J135: =IF(H11=1,1,IF(H11=2,0,0)) | K135: =IF(J52=1,1,IF(J52=2,0,0)) | L135: =IF(L8=1,1,IF(L8=2,0,0)) | M135: =IF(L21=1,1,IF(L21=2,0,0)) | N135: =IF(L50=1,1,IF(L50=2,0,0)) | O135: =IF(L51=1,1,IF(L51=2,0,0)) | P135: =IF(L53=1,1,IF(L53=2,0,0)) | Q135: =IF(N22=1,1,IF(N22=2,0,0)) | R135: =IF(N53=1,1,IF(N53=2,0,0)) | S135: =IF(N59=1,1,IF(N59=2,0,0)) | T135: =IF(N65=1,1,IF(N65=2,0,0)) | U135: =SUM(D135:T135)
D136: =IF(P21=1,1,IF(P21=2,0,0)) | E136: =IF(P46=1,1,IF(P46=2,0,0)) | F136: =IF(P50=1,1,IF(P50=2,0,0)) | G136: =IF(R32=1,1,IF(R32=2,0,0)) | H136: =IF(R57=1,1,IF(R57=2,0,0)) | I136: =IF(T65=1,1,IF(T65=2,0,0)) | U136: =SUM(D136:T136) | V136: =SUM(U135:U136) | Y136: =SUM(V136) | Z136: =IF(D177<>0,D177,IF(E177<>0,E177,IF(F177<>0,F177,IF(G177<>0,G177,IF(H177<>0,H177,IF(I177<>0,I177,0))))))
C137: Asp | D137: =IF(D33=1,1,IF(D33=2,0,0)) | E137: =IF(D42=1,1,IF(D42=2,0,0)) | F137: =IF(F13=1,1,IF(F13=2,0,0)) | G137: =IF(F28=1,1,IF(F28=2,0,0)) | H137: =IF(F31=1,1,IF(F31=2,0,0)) | I137: =IF(F51=1,1,IF(F51=2,0,0)) | J137: =IF(F52=1,1,IF(F52=2,0,0)) | K137: =IF(F57=1,1,IF(F57=2,0,0)) | L137: =IF(H10=1,1,IF(H10=2,0,0)) | M137: =IF(J54=1,1,IF(J54=2,0,0)) | N137: =IF(J67=1,1,IF(J67=2,0,0)) | O137: =IF(L15=1,1,IF(L15=2,0,0)) | P137: =IF(L17=1,1,IF(L17=2,0,0)) | Q137: =IF(L21=1,1,IF(L21=2,0,0)) | R137: =IF(L33=1,0,IF(L33=2,1,0)) | S137: =IF(L36=1,1,IF(L36=2,0,0)) | T137: =IF(L50=1,1,IF(L50=2,0,0)) | U137: =SUM(D137:T137)
D138: =IF(L51=1,1,IF(L51=2,0,0)) | E138: =IF(P21=1,1,IF(P21=2,0,0)) | F138: =IF(P59=1,1,IF(P59=2,0,0)) | G138: =IF(P65=1,1,IF(P65=2,0,0)) | H138: =IF(P66=1,1,IF(P66=2,0,0)) | U138: =SUM(D138:T138) | V138: =SUM(U137:U138) | Y138: =SUM(V138) | Z138: =IF(D178<>0,D178,IF(E178<>0,E178,IF(F178<>0,F178,IF(G178<>0,G178,IF(H178<>0,H178,IF(I178<>0,I178,0))))))
...

Sheet Sheet1

Sheet Informe
D2: MMPI - 2 | J2: MMPI - 2
B4: Cliente: | I4: Cliente:
B5: Edad: | I5: Edad:
B6: Fecha: | I6: Fecha:
B7: Evaluador: | I7: Evaluador:
E8: Usar estos | F8: NO USAR | G8: ESTOS
E9: datos | F9: DATOS | I9: SUBESCALAS de Harry - Lingoes
B10: ESCALAS DE VALIDEZ | E10: P.Directas | F10: P.D.+ K | G10: P.Típicas | I10: DEPRESIÓN | M10: P. Directas | N10: P. Típicas
B11: ? (Interrogantes) | E11: =Respuestas!V72 | F11: =Respuestas!Y72 | G11: =Respuestas!Z72 | I11: D1: Depresión subjetiva | M11: =Respuestas!X372 | N11: =Respuestas!P374
B12: L (Mentira) | E12: =Respuestas!V73 | F12: =Respuestas!Y73 | G12: =Respuestas!Z73 | I12: D2: Retardo Psicomotor | M12: =Respuestas!X376 | N12: =Respuestas!P378
B13: F (Incoherencia) | E13: =Respuestas!V77 | F13: =Respuestas!Y77 | G13: =Respuestas!Z77 | I13: D3: Problemas Físicos | M13: =Respuestas!X380 | N13: =Respuestas!P382
B14: K (Corrección) | E14: =Respuestas!V79 | F14: =Respuestas!Y79 | G14: =Respuestas!Z79 | I14: D4: Inhibición mental. | M14: =Respuestas!X384 | N14: =Respuestas!P386
B15: ESCALAS CLINICAS O BÁSICAS | I15: D5: Rumiación | M15: =Respuestas!X388 | N15: =Respuestas!P390
B16: Hs (Hipocondría) | E16: =Respuestas!V82 | F16: =Respuestas!Y82 | G16: =Respuestas!Z82
B17: D (Depresión) | E17: =Respuestas!V86 | F17: =Respuestas!Y86 | G17: =Respuestas!Z86 | I17: HISTERIA
B18: Hy (Histeria de conversión) | E18: =Respuestas!V90 | F18: =Respuestas!Y90 | G18: =Respuestas!Z90 | I18: Hy1: Negación de la ansiedad social | M18: =Respuestas!X394 | N18: =Respuestas!P396
B19: Pd (Desviación psicopática) | E19: =Respuestas!V93 | F19: =Respuestas!Y93 | G19: =Respuestas!Z93 | I19: Hy2: Necesidad de afecto | M19: =Respuestas!X398 | N19: =Respuestas!P400
B20: Mfv (Masculinidad) | E20: =Respuestas!V97 | F20: =Respuestas!Y97 | G20: =Respuestas!Z97 | I20: Hy3: Lasitud-enfermedad | M20: =Respuestas!X402 | N20: =Respuestas!P404
B21: Pa (Paranoia) | E21: =Respuestas!V104 | F21: =Respuestas!Y104 | G21: =Respuestas!Z104 | I21: Hy4: Quejas somáticas. | M21: =Respuestas!X406 | N21: =Respuestas!P408
B22: Pt (Psicastenia) | E22: =Respuestas!V107 | F22: =Respuestas!Y107 | G22: =Respuestas!Z107 | I22: Hy5: Inhibición de la agresión | M22: =Respuestas!X410 | N22: =Respuestas!P412
B23: Sc (Esquizofrenia) | E23: =Respuestas!V112 | F23: =Respuestas!Y112 | G23: =Respuestas!Z112
B24: Ma (Hipomanía) | E24: =Respuestas!V115 | F24: =Respuestas!Y115 | G24: =Respuestas!Z115 | I24: DESVIACIÓN PSICOPÁTICA
B25: Si (Introversión social) | E25: =Respuestas!V120 | F25: =Respuestas!Y120 | G25: =Respuestas!Z120 | I25: Pd1: Discordia familiar | M25: =Respuestas!X416 | N25: =Respuestas!P418
B26: ESCALAS DE CONTENIDO | I26: Pd2: Problemas con las figuras de autoridad | M26: =Respuestas!X420 | N26: =Respuestas!P422
B27: ANX (Ansiedad) | E27: =Respuestas!V123 | F27: =Respuestas!Y123 | G27: =Respuestas!Z123 | I27: Pd3: Imperturbabilidad Social | M27: =Respuestas!X424 | N27: =Respuestas!P426
B28: FRS (Miedos) | E28: =Respuestas!V125 | F28: =Respuestas!Y125 | G28: =Respuestas!Z125 | I28: Pd4: Alienación social | M28: =Respuestas!X428 | N28: =Respuestas!P430
B29: OBS (Obsesividad) | E29: =Respuestas!V126 | F29: =Respuestas!Y126 | G29: =Respuestas!Z126 | I29: Pd5: Autoalienación | M29: =Respuestas!X432 | N29: =Respuestas!P434
B30: DEP (Depresión) | E30: =Respuestas!V128 | F30: =Respuestas!Y128 | G30: =Respuestas!Z128
B31: HEA (Preocupaciones por la salud) | E31: =Respuestas!V131 | F31: =Respuestas!Y131 | G31: =Respuestas!Z131 | I31: PARANOIA
B32: BIZ (Pensamiento estrafalario) | E32: =Respuestas!V133 | F32: =Respuestas!Y133 | G32: =Respuestas!Z133 | I32: Pa1: Ideas persecutorias | M32: =Respuestas!X438 | N32: =Respuestas!P440
B33: ANG (Hostilidad) | E33: =Respuestas!V134 | F33: =Respuestas!Y134 | G33: =Respuestas!Z134 | I33: Pa2: Hiperestesia | M33: =Respuestas!X442 | N33: =Respuestas!P444
B34: CYN (Cinismo) | E34: =Respuestas!V136 | F34: =Respuestas!Y136 | G34: =Respuestas!Z136 | I34: Pa3: Ingenuidad | M34: =Respuestas!X446 | N34: =Respuestas!P448
B35: ASP (Conductas antisociales) | E35: =Respuestas!V138 | F35: =Respuestas!Y138 | G35: =Respuestas!Z138
B36: TPA (Comportamiento tipo A) | E36: =Respuestas!V140 | F36: =Respuestas!Y140 | G36: =Respuestas!Z140 | I36: ESQUIZOFRENIA
B37: LSE (Baja autoestima) | E37: =Respuestas!V142 | F37: =Respuestas!Y142 | G37: =Respuestas!Z142 | I37: Sc1: Alienación social | M37: =Respuestas!X453 | N37: =Respuestas!P455
B38: SOD (Malestar social) | E38: =Respuestas!V144 | F38: =Respuestas!Y144 | G38: =Respuestas!Z144 | I38: Sc2: Alienación emocional | M38: =Respuestas!X457 | N38: =Respuestas!P459
B39: FAM (Problemas familiares) | E39: =Respuestas!V146 | F39: =Respuestas!Y146 | G39: =Respuestas!Z146 | I39: Sc3: Ausencia de control del yo, cognitivo | M39: =Respuestas!X461 | N39: =Respuestas!P463
B40: WRK (Interferencia laboral) | E40: =Respuestas!V148 | F40: =Respuestas!Y148 | G40: =Respuestas!Z148 | I40: Sc4: Ausencia del control del yo, conativo | M40: =Respuestas!X465 | N40: =Respuestas!P467
B41: TRT(Indicadores negativos de tratam.) | E41: =Respuestas!V150 | F41: =Respuestas!Y150 | G41: =Respuestas!Z150 | I41: Sc5: Ausencia del control del yo, inhibición defectual | M41: =Respuestas!X469 | N41: =Respuestas!P471
I42: Sc6: Experiencias sensoriales bizarras. | M42: =Respuestas!X474 | N42: =Respuestas!P476
B43: Indice de Goughs: | C43: F-K | D43: =Respuestas!Z152
I44: HIPOMANIA
I45: Ma1: Amoralidad | M45: =Respuestas!X480 | N45: =Respuestas!P482
I46: Ma2: Hipercinesia | M46: =Respuestas!X484 | N46: =Respuestas!P486
I47: Ma3: Imperturbabilidad | M47: =Respuestas!X488 | N47: =Respuestas!P490
I48: Ma4: Hipertrofia del yo. | M48: =Respuestas!X492 | N48: =Respuestas!P494
I51: SUBESCALAS de Ben-Porath, Hosteler, Butcher y Graham (1989)
I52: INTROVERSIÓN SOCIAL
I53: Si1: Timidez/Autoconciencia | M53: =Respuestas!X498 | N53: =Respuestas!P500
I54: Si2: Evitación Social. | M54: =Respuestas!X502 | N54: =Respuestas!P504
I55: Si3: Autoalienación/ alienación de los otros. | M55: =Respuestas!X506 | N55: =Respuestas!P508
A59: JIRS
C63: Fdo. | I63: Fdo.
J65: MMPI -2
C66: MMPI-2
I67: Cliente:
A68: Cliente: | I68: Evaluador:
A69: Edad:
A70: Fecha: | I70: ITEMS CRITICOS DE KOSS - BUTCHER
A72: Evaluador: | H72: Estado de Ansiedad Aguda
H73: =Respuestas!C514
A74: Escalas Suplementarias | E74: P.Directas | F74: P.Típicas | H74: =Respuestas!C515
H75: =Respuestas!C516
A76: A (Ansiedad) | E76: =Respuestas!X242 | F76: =Respuestas!P244 | H76: =Respuestas!C517
A77: R (Represión) | E77: =Respuestas!X248 | F77: =Respuestas!P250 | H77: =Respuestas!C518
A78: Es (Fuerza del Yo) | E78: =Respuestas!X255 | F78: =Respuestas!P257 | H78: =Respuestas!C519
A79: MAC-R (Alcoholismo MacAndrew Revisada) | E79: =Respuestas!X262 | F79: =Respuestas!P264 | H79: =Respuestas!C520
A80: AAS (Reconocimiento de la Adicción) | E80: =Respuestas!X267 | F80: =Respuestas!P269 | H80: =Respuestas!C521
A81: APS (Potencial Adictivo) | E81: =Respuestas!X274 | F81: =Respuestas!P276 | H81: =Respuestas!C522
A82: MDS (Malestar Marital) | E82: =Respuestas!X279 | F82: =Respuestas!P281 | H82: =Respuestas!C523
A83: Ho (Hostilidad) | E83: =Respuestas!X286 | F83: =Respuestas!P288 | H83: =Respuestas!C524
A84: O-H (Hostilidad Sobrecontrolada) | E84: =Respuestas!X292 | F84: =Respuestas!P294 | H84: =Respuestas!C525
A85: Do (Dominancia) | E85: =Respuestas!X298 | F85: =Respuestas!P300 | H85: =Respuestas!C526
A86: Re (Responsabilidad) | E86: =Respuestas!X304 | F86: =Respuestas!P306 | H86: =Respuestas!C527
A87: Mt (Desajuste Escolar) | E87: =Respuestas!X311 | F87: =Respuestas!P313 | H87: =Respuestas!C528
A88: GM (Rol Género Masculino) | E88: =Respuestas!X318 | F88: =Respuestas!P320 | H88: =Respuestas!C529
A89: GF (Rol Género Femenino) | E89: =Respuestas!X325 | F89: =Respuestas!P327 | H89: =Respuestas!C530
A90: EPK (Estrés Postraumático de Keane) | E90: =Respuestas!X235 | F90: =Respuestas!P237 | H90: Ideación Suicida Depresiva
H91: =Respuestas!C533
A92: Otras escalas de validez | H92: =Respuestas!C534
H93: =Respuestas!C535
A94: VRIN - INVAR (Variable de inconsistencia de respuesta) | E94: =Respuestas!U219 | F94: =Respuestas!V221 | H94: =Respuestas!C536
A95: TRIN - INVER (Verdadera inconsistencia de respuesta) | E95: =Respuestas!I342 | F95: =Respuestas!L344 | H95: =Respuestas!C537
A96: Fb o Fp o Fposterior (Incoherencia 2ª parte) | E96: =Respuestas!X350 | F96: =Respuestas!P352 | H96: =Respuestas!C538
A97: Fpsi (Incoherencia - Psicopatología) | E97: =Respuestas!X356 | F97: =Respuestas!P358 | H97: =Respuestas!C539
A98: S (Autoconcepto superlativo) | E98: =Respuestas!X363 | F98: =Respuestas!P365 | H98: =Respuestas!C540
H99: =Respuestas!C541
H100: =Respuestas!C542
H101: =Respuestas!C543
H102: =Respuestas!C544
H103: =Respuestas!C545
H104: =Respuestas!C546
H105: =Respuestas!C547
H106: =Respuestas!C548
H107: =Respuestas!C549
H108: =Respuestas!C550
H109: =Respuestas!C551
H110: =Respuestas!C552
... H112: =Respuestas!C554
H113: Amenazas de Ataque
...

Sheet Interpretación
C2: MMPI - 2
B3: Cliente:
B4: Fecha:
B5: Evaluador:
C7: INTERPRETACIÓN
B9: Escalas de Validación:
B10: L | C10: =Respuestas!I188
B13: F | C13: =Respuestas!P189
B16: K | C16: =Respuestas!H190
B20: Valoración Clínica:
B21: Escalas de Validación:
B22: L | C22: =Respuestas!I193
B25: F | C25: =Respuestas!N194
B28: K | C28: =Respuestas!H195
B32: Escalas Clínicas Básicas:
B33: Hs | C33: =Respuestas!N197
B36: D | C36: =Respuestas!J198
B39: Hy | C39: =Respuestas!K199
B42: Pd | C42: =Respuestas!K200
B45: Mf | C45: =Respuestas!K201
B48: Pa | C48: =Respuestas!J202
B51: Pt | C51: =Respuestas!K203
B54: Sc | C54: =Respuestas!J204
B57: Ma | C57: =Respuestas!K205
B60: Si | C60: =Respuestas!K206
C63: JIRS
D67: Fdo.
